{
  "manifest": {
    "run_id": "mlx-int4-1782659261",
    "label": "MLX 4-bit (optimized)",
    "engine": "mlx",
    "model": "mlx-community/Qwen2.5-1.5B-Instruct-4bit",
    "quant": "int4",
    "dtype": "int4",
    "device": "mps (Metal/MLX)",
    "concurrency": 1,
    "num_requests": 16,
    "max_output_tokens": 128,
    "load_time_s": 0.38,
    "hardware": {
      "platform": "macOS-26.5.1-arm64-arm-64bit-Mach-O",
      "machine": "arm64",
      "cpu": "arm",
      "python": "3.13.13",
      "chip": "Apple M5 Pro",
      "memory_gb": 24.0
    },
    "versions": {
      "torch": "2.12.1",
      "transformers": "5.12.1",
      "mlx_lm": "0.31.3",
      "mlx": "0.31.2"
    },
    "git_commit": "n/a",
    "timestamp": "2026-06-28T15:07:41+00:00",
    "price_per_hour": null
  },
  "aggregates": {
    "requests_ok": 16,
    "requests_failed": 0,
    "wall_clock_s": 9.957,
    "total_input_tokens": 685,
    "total_output_tokens": 2048,
    "system_throughput_tps": 205.68,
    "requests_per_s": 1.607,
    "decode_tps_per_req": {
      "p50": 234.854,
      "p90": 239.808,
      "p99": 241.419,
      "mean": 235.622
    },
    "ttft_ms": {
      "p50": 79.701,
      "p90": 97.106,
      "p99": 98.59,
      "mean": 83.161
    },
    "tpot_ms": {
      "p50": 4.258,
      "p90": 4.287,
      "p99": 4.338,
      "mean": 4.245
    },
    "e2e_ms": {
      "p50": 619.284,
      "p90": 636.88,
      "p99": 641.284,
      "mean": 622.241
    },
    "compute": {
      "peak_rss_mb": 1310.1,
      "mean_cpu_pct": 65.1,
      "peak_cpu_pct": 92.8,
      "peak_accel_mem_mb": 914.7,
      "mean_gpu_util_pct": null,
      "mean_gpu_power_w": null,
      "samples": 40
    },
    "cost_per_1m_tokens_usd": null
  },
  "requests": [
    {
      "request_id": 0,
      "prompt_tokens": 42,
      "output_tokens": 128,
      "ttft_s": 0.07580191697343253,
      "e2e_s": 0.6162216669763438,
      "tpot_s": 0.0042552736220701675,
      "decode_tps": 235.00251424807445,
      "start_ts": 1782659251.579954,
      "end_ts": 1782659252.196175,
      "ok": true,
      "error": null
    },
    {
      "request_id": 1,
      "prompt_tokens": 43,
      "output_tokens": 128,
      "ttft_s": 0.08486641600029543,
      "e2e_s": 0.6103642079979181,
      "tpot_s": 0.00413777788974506,
      "decode_tps": 241.67561107578265,
      "start_ts": 1782659252.196189,
      "end_ts": 1782659252.8065548,
      "ok": true,
      "error": null
    },
    {
      "request_id": 2,
      "prompt_tokens": 47,
      "output_tokens": 128,
      "ttft_s": 0.0772036659764126,
      "e2e_s": 0.6227238749852404,
      "tpot_s": 0.004295434716604944,
      "decode_tps": 232.80530748943315,
      "start_ts": 1782659252.806566,
      "end_ts": 1782659253.4292889,
      "ok": true,
      "error": null
    },
    {
      "request_id": 3,
      "prompt_tokens": 43,
      "output_tokens": 128,
      "ttft_s": 0.08057029100018553,
      "e2e_s": 0.6216719999792986,
      "tpot_s": 0.004260643377788292,
      "decode_tps": 234.70633689109695,
      "start_ts": 1782659253.4293,
      "end_ts": 1782659254.050972,
      "ok": true,
      "error": null
    },
    {
      "request_id": 4,
      "prompt_tokens": 40,
      "output_tokens": 128,
      "ttft_s": 0.09860674999072216,
      "e2e_s": 0.6419454999850132,
      "tpot_s": 0.004278257873970796,
      "decode_tps": 233.74000106072762,
      "start_ts": 1782659254.05099,
      "end_ts": 1782659254.692936,
      "ok": true,
      "error": null
    },
    {
      "request_id": 5,
      "prompt_tokens": 40,
      "output_tokens": 128,
      "ttft_s": 0.08559758399496786,
      "e2e_s": 0.6375345420092344,
      "tpot_s": 0.004345960299324933,
      "decode_tps": 230.09874253921095,
      "start_ts": 1782659254.692949,
      "end_ts": 1782659255.330484,
      "ok": true,
      "error": null
    },
    {
      "request_id": 6,
      "prompt_tokens": 42,
      "output_tokens": 128,
      "ttft_s": 0.08296895900275558,
      "e2e_s": 0.6235113340080716,
      "tpot_s": 0.004256239173270205,
      "decode_tps": 234.94920263883293,
      "start_ts": 1782659255.330496,
      "end_ts": 1782659255.954008,
      "ok": true,
      "error": null
    },
    {
      "request_id": 7,
      "prompt_tokens": 43,
      "output_tokens": 128,
      "ttft_s": 0.09571774999494664,
      "e2e_s": 0.6362261249742005,
      "tpot_s": 0.004255971456529558,
      "decode_tps": 234.96398183446203,
      "start_ts": 1782659255.954017,
      "end_ts": 1782659256.590243,
      "ok": true,
      "error": null
    },
    {
      "request_id": 8,
      "prompt_tokens": 47,
      "output_tokens": 128,
      "ttft_s": 0.0775491249805782,
      "e2e_s": 0.6176456669927575,
      "tpot_s": 0.004252728677261254,
      "decode_tps": 235.14314593989036,
      "start_ts": 1782659256.590275,
      "end_ts": 1782659257.20792,
      "ok": true,
      "error": null
    },
    {
      "request_id": 9,
      "prompt_tokens": 43,
      "output_tokens": 128,
      "ttft_s": 0.09849399997619912,
      "e2e_s": 0.629141665995121,
      "tpot_s": 0.004178328078889149,
      "decode_tps": 239.33017731481254,
      "start_ts": 1782659257.2079308,
      "end_ts": 1782659257.8370728,
      "ok": true,
      "error": null
    },
    {
      "request_id": 10,
      "prompt_tokens": 40,
      "output_tokens": 128,
      "ttft_s": 0.07803966701612808,
      "e2e_s": 0.6190952089964412,
      "tpot_s": 0.004260279858112702,
      "decode_tps": 234.72636383164712,
      "start_ts": 1782659257.8370829,
      "end_ts": 1782659258.456179,
      "ok": true,
      "error": null
    },
    {
      "request_id": 11,
      "prompt_tokens": 40,
      "output_tokens": 128,
      "ttft_s": 0.07613245802349411,
      "e2e_s": 0.6194376659987029,
      "tpot_s": 0.004277993763584321,
      "decode_tps": 233.75443146091663,
      "start_ts": 1782659258.456192,
      "end_ts": 1782659259.0756302,
      "ok": true,
      "error": null
    },
    {
      "request_id": 12,
      "prompt_tokens": 42,
      "output_tokens": 128,
      "ttft_s": 0.08495037499233149,
      "e2e_s": 0.6141872080042958,
      "tpot_s": 0.004167219157574523,
      "decode_tps": 239.96818074287157,
      "start_ts": 1782659259.075663,
      "end_ts": 1782659259.68985,
      "ok": true,
      "error": null
    },
    {
      "request_id": 13,
      "prompt_tokens": 43,
      "output_tokens": 128,
      "ttft_s": 0.07814904200495221,
      "e2e_s": 0.6191296670003794,
      "tpot_s": 0.004259689960593915,
      "decode_tps": 234.75886960105734,
      "start_ts": 1782659259.689882,
      "end_ts": 1782659260.309012,
      "ok": true,
      "error": null
    },
    {
      "request_id": 14,
      "prompt_tokens": 47,
      "output_tokens": 128,
      "ttft_s": 0.07709491701098159,
      "e2e_s": 0.618243083008565,
      "tpot_s": 0.004261009181083334,
      "decode_tps": 234.6861875913059,
      "start_ts": 1782659260.309045,
      "end_ts": 1782659260.927288,
      "ok": true,
      "error": null
    },
    {
      "request_id": 15,
      "prompt_tokens": 43,
      "output_tokens": 128,
      "ttft_s": 0.07883229199796915,
      "e2e_s": 0.6087782499962486,
      "tpot_s": 0.0041728028188840905,
      "decode_tps": 239.64707737314663,
      "start_ts": 1782659260.927299,
      "end_ts": 1782659261.536078,
      "ok": true,
      "error": null
    }
  ],
  "compute": [
    {
      "t": 0.0,
      "rss_mb": 1301.0,
      "cpu_pct": 92.8,
      "accel_mem_mb": 831.1826248168945,
      "gpu_util_pct": null,
      "gpu_power_w": null
    },
    {
      "t": 0.255,
      "rss_mb": 1307.8,
      "cpu_pct": 67.6,
      "accel_mem_mb": 840.3696422576904,
      "gpu_util_pct": null,
      "gpu_power_w": null
    },
    {
      "t": 0.51,
      "rss_mb": 1308.0,
      "cpu_pct": 72.9,
      "accel_mem_mb": 841.7288112640381,
      "gpu_util_pct": null,
      "gpu_power_w": null
    },
    {
      "t": 0.765,
      "rss_mb": 1308.0,
      "cpu_pct": 62.9,